league_id,team_id,team_name
38,9977,LASK
38,10014,Sturm Graz
38,10013,Salzburg
38,10011,Austria Wien
38,10015,Rapid Wien
38,10056,Hartberg
38,10017,Ried
38,1954,Wolfsberger AC
38,10008,Altach
38,10012,Grazer AK
38,1583,WSG Tirol
38,2433,BW Linz
40,8342,Club Brugge
40,7978,Union St.Gilloise
40,9997,St.Truiden
40,8635,Anderlecht
40,9991,Gent
40,8203,KV Mechelen
40,9987,Genk
40,9985,Standard Liege
40,9986,Sporting Charleroi
40,10001,Westerlo
40,9988,Royal Antwerp
40,1773,OH Leuven
40,10000,Zulte Waregem
40,9984,Cercle Brugge
40,1218969,RAAL La Louviere
40,7947,FCV Dender EH
46,8071,AGF
46,8113,FC Midtjylland
46,10202,Nordsjælland
46,8595,Brøndby IF
46,9939,Viborg
46,8487,Sønderjyske
46,8391,FC København
46,8414,OB
46,8415,Silkeborg
46,8410,Randers FC
46,8454,Fredericia
46,8231,Vejle Boldklub
47,9825,Arsenal
47,8456,Manchester City
47,10260,Manchester United
47,10252,Aston Villa
47,8650,Liverpool
47,8678,AFC Bournemouth
47,8472,Sunderland
47,10204,Brighton & Hove Albion
47,9937,Brentford
47,8455,Chelsea
47,9879,Fulham
47,10261,Newcastle United
47,8668,Everton
47,8463,Leeds United
47,9826,Crystal Palace
47,10203,Nottingham Forest
47,8586,Tottenham Hotspur
47,8654,West Ham United
47,8191,Burnley
47,8602,Wolverhampton Wanderers
48,8669,Coventry City
48,9902,Ipswich Town
48,10004,Millwall
48,8466,Southampton
48,8549,Middlesbrough
48,8667,Hull City
48,9841,Wrexham
48,10170,Derby County
48,9850,Norwich City
48,8658,Birmingham City
48,10003,Swansea City
48,8427,Bristol City
48,8657,Sheffield United
48,8411,Preston North End
48,10172,Queens Park Rangers
48,9817,Watford
48,10194,Stoke City
48,8462,Portsmouth
48,8451,Charlton Athletic
48,8655,Blackburn Rovers
48,8659,West Bromwich Albion
48,8653,Oxford United
48,8197,Leicester City
48,10163,Sheffield Wednesday
51,6550,FC Inter Turku
51,4449,AC Oulu
51,1693,KuPS
51,9861,HJK
51,2361,IF Gnistan
51,6597,VPS
51,6633,TPS
51,162146,Ilves
51,8424,FC Lahti
51,162162,SJK
51,8473,FF Jaro
51,6634,IFK Mariehamn
53,9847,Paris Saint-Germain
53,8588,Lens
53,8639,Lille
53,9748,Lyon
53,8592,Marseille
53,9851,Rennes
53,9829,Monaco
53,9848,Strasbourg
53,9941,Toulouse
53,8689,Lorient
53,6379,Paris FC
53,8521,Brest
53,8121,Angers
53,9746,Le Havre
53,8583,Auxerre
53,9831,Nice
53,9830,Nantes
53,8550,Metz
54,9823,Bayern München
54,9789,Borussia Dortmund
54,178475,RB Leipzig
54,10269,VfB Stuttgart
54,8226,Hoffenheim
54,8178,Bayer Leverkusen
54,8358,Freiburg
54,9810,Eintracht Frankfurt
54,8406,Augsburg
54,9905,Mainz 05
54,8149,Union Berlin
54,9788,Borussia Mönchengladbach
54,9790,Hamburger SV
54,8722,1. FC Köln
54,8697,Werder Bremen
54,8721,Wolfsburg
54,94937,FC Heidenheim
54,8152,St. Pauli
55,8636,Inter
55,9875,Napoli
55,8686,Roma
55,10171,Como
55,8564,Milan
55,9885,Juventus
55,8524,Atalanta
55,9857,Bologna
55,8543,Lazio
55,8600,Udinese
55,7943,Sassuolo
55,9804,Torino
55,10167,Parma
55,8529,Cagliari
55,8535,Fiorentina
55,10233,Genoa
55,9888,Lecce
55,7801,Cremonese
55,9876,Hellas Verona
55,6479,Pisa
57,8640,PSV Eindhoven
57,10235,Feyenoord
57,8464,NEC Nijmegen
57,8611,FC Twente
57,8593,Ajax
57,9908,FC Utrecht
57,10229,AZ Alkmaar
57,10228,SC Heerenveen
57,8674,FC Groningen
57,8614,Sparta Rotterdam
57,6422,Fortuna Sittard
57,6433,Go Ahead Eagles
57,10218,Excelsior
57,6414,Telstar
57,6413,PEC Zwolle
57,6601,FC Volendam
57,9761,NAC Breda
57,9791,Heracles
59,8478,Viking
59,8608,Tromsø
59,8402,Bodø/Glimt
59,8476,Lillestrøm
59,9917,Molde
59,8448,Hamarkameratene
59,8509,Sarpsborg 08
59,8609,Sandefjord
59,8007,Vålerenga
59,8417,Fredrikstad
59,8468,Brann
59,2305,KFUM
59,8404,Aalesund
59,8605,Kristiansund
59,8422,Rosenborg
59,9919,Start
61,9773,FC Porto
61,9768,Sporting CP
61,9772,Benfica
61,10264,Braga
61,1634,Famalicao
61,9764,Gil Vicente
61,8348,Moreirense
61,158085,Arouca
61,7844,Vitoria de Guimaraes
61,7842,Estoril
61,9780,Alverca
61,7841,Rio Ave
61,1567,Santa Clara
61,10214,Nacional
61,1074320,Estrela da Amadora
61,212821,Casa Pia AC
61,188163,Tondela
61,1889,AVS Futebol SAD
63,8698,Zenit St. Petersburg
63,168719,FC Krasnodar
63,8710,Lokomotiv Moscow
63,8643,Spartak Moscow
63,9760,CSKA Moscow
63,49694,Baltika
63,9763,Dinamo Moscow
63,8683,Rubin Kazan
63,8708,FK Akhmat
63,8705,FC Rostov
63,8709,Krylya Sovetov Samara
63,132286,FC Orenburg
63,1068364,Akron Togliatti
63,1068353,Dynamo Makhachkala
63,657508,Nizhny Novgorod
63,195601,PFC Sochi
64,9925,Celtic
64,9860,Hearts
64,8548,Rangers
64,9927,Motherwell
64,10251,Hibernian
64,8596,Falkirk
64,9938,Dundee United
64,8284,Dundee FC
64,8485,Aberdeen
64,8597,Kilmarnock
64,9800,St. Mirren
64,8282,Livingston
67,6694,Sirius
67,8428,Häcken
67,8014,Elfsborg
67,8248,Hammarby
67,8297,GAIS
67,8127,Mjällby
67,8501,Brommapojkarna
67,9802,Djurgården
67,10237,Malmö FF
67,8349,AIK
67,6194,Västerås SK
67,6544,Degerfors
67,9892,Kalmar FF
67,9893,IFK Göteborg
67,8310,Halmstads BK
67,10002,Örgryte
69,10191,Thun
69,10190,St. Gallen
69,7896,Lugano
69,10179,Sion
69,9931,Basel
69,10192,Young Boys
69,10199,Luzern
69,9777,Servette
69,7730,Lausanne
69,10243,FC Zürich
69,9956,Grasshopper
69,7894,Winterthur
71,8637,Galatasaray
71,8695,Fenerbahçe
71,9752,Trabzonspor
71,10188,Beşiktaş
71,1933,Başakşehir
71,1925,Göztepe
71,9750,Samsunspor
71,2166,Rizespor
71,8622,Konyaspor
71,1569,Kocaelispor
71,4678,Alanyaspor
71,4081,Gaziantep FK
71,4685,Kasımpaşa
71,7800,Gençlerbirliği
71,4681,Eyüpspor
71,1931,Antalyaspor
71,10182,Kayserispor
71,2088,Fatih Karagümrük
86,7881,Venezia
86,9891,Frosinone
86,6504,Monza
86,8540,Palermo
86,10168,Catanzaro
86,9887,Modena
86,6106,Juve Stabia
86,6722,Avellino
86,9889,Mantova
86,583944,Padova
86,584022,Cesena
86,6488,Carrarese
86,9882,Sampdoria
86,208932,Virtus Entella
86,8534,Empoli
86,189475,Südtirol
86,9976,Bari
86,6500,Reggiana
86,9881,Spezia
86,9878,Pescara
87,8634,Barcelona
87,8633,Real Madrid
87,10205,Villarreal
87,9906,Atletico Madrid
87,8603,Real Betis
87,9910,Celta Vigo
87,8305,Getafe
87,8370,Rayo Vallecano
87,10267,Valencia
87,8560,Real Sociedad
87,8558,Espanyol
87,8315,Athletic Club
87,8302,Sevilla
87,9866,Deportivo Alaves
87,10268,Elche
87,8581,Levante
87,8371,Osasuna
87,8661,Mallorca
87,7732,Girona
87,8670,Real Oviedo
108,8430,Lincoln City
108,8344,Cardiff City
108,10007,Stockport County
108,8484,Bradford City
108,8559,Bolton Wanderers
108,10253,Stevenage
108,8346,Luton Town
108,8401,Plymouth Argyle
108,9796,Huddersfield Town
108,9818,Mansfield Town
108,8676,Wycombe Wanderers
108,9798,Reading
108,8483,Blackpool
108,9903,Doncaster Rovers
108,8283,Barnsley
108,8528,Wigan Athletic
108,9792,Burton Albion
108,8677,Peterborough United
108,158319,AFC Wimbledon
108,8351,Leyton Orient
108,9833,Exeter City
108,9799,Port Vale
108,8119,Rotherham United
108,8651,Northampton Town
110,10242,Troyes
110,8682,Le Mans
110,9853,Saint-Etienne
110,6390,Red Star
110,4120,Rodez
110,9837,Reims
110,293352,Annecy FC
110,10249,Montpellier
110,6355,Pau
110,47214,Dunkerque
110,9747,Guingamp
110,9855,Grenoble
110,8311,Clermont Foot
110,8481,Nancy
110,4170,Boulogne
110,7853,Laval
110,7794,SC Bastia
110,8587,Amiens
112,10077,Boca Juniors
112,213596,Central Cordoba de Santiago
112,10089,Club Atletico Platense
112,161730,Defensa y Justicia
112,298629,Deportivo Riestra
112,10094,Estudiantes
112,568727,Gimnasia Mendoza
112,10078,Independiente
112,10090,Instituto
112,10082,Lanus
112,10201,Newell's Old Boys
112,10083,San Lorenzo
112,10101,Talleres
112,10096,Union
112,10079,Velez Sarsfield
112,161728,Aldosivi
112,10086,Argentinos Juniors
112,161727,Atletico Tucuman
112,10087,Banfield
112,213534,Barracas Central
112,10092,Belgrano
112,213591,Estudiantes de Rio Cuarto
112,10103,Gimnasia LP
112,10081,Huracan
112,161729,Independiente Rivadavia
112,10080,Racing Club
112,10076,River Plate
112,10084,Rosario Central
112,202757,Sarmiento
112,89396,Tigre
122,7787,Slavia Prague
122,10247,Sparta Prague
122,6033,Viktoria Plzen
122,1712,Hradec Kralove
122,7758,Jablonec
122,10245,Slovan Liberec
122,4721,Teplice
122,1860,FC Zlin
122,10180,Mlada Boleslav
122,2021,Slovacko
122,6362,Banik Ostrava
122,88657,Dukla Praha
122,6461,Sigma Olomouc
122,2406,Pardubice
122,143833,Karvina
122,1670,Bohemians 1905
130,915807,Nashville SC
130,960720,Inter Miami CF
130,6397,Chicago Fire FC
130,6580,New England Revolution
130,6514,Red Bull New York
130,1323940,Charlotte FC
130,722265,FC Cincinnati
130,546238,New York City FC
130,6602,DC United
130,6001,Columbus Crew
130,161195,CF Montreal
130,267810,Orlando City
130,56453,Toronto FC
130,773958,Atlanta United
130,191716,Philadelphia Union
130,307691,Vancouver Whitecaps
130,6603,San Jose Earthquakes
130,6606,Real Salt Lake
130,6399,FC Dallas
130,867280,Los Angeles FC
130,130394,Seattle Sounders FC
130,8259,Houston Dynamo FC
130,207242,Minnesota United
130,6637,LA Galaxy
130,1701119,San Diego FC
130,8314,Colorado Rapids
130,1427963,St. Louis City
130,307690,Portland Timbers
130,1218886,Austin FC
130,6604,Sporting Kansas City
140,8696,Racing Santander
140,9783,Deportivo La Coruña
140,9865,Almeria
140,9864,Malaga
140,8306,Las Palmas
140,10279,Castellon
140,7876,Burgos CF
140,8372,Eibar
140,7869,Cordoba
140,9869,Sporting Gijon
140,357259,AD Ceuta FC
140,8393,Albacete
140,494050,FC Andorra
140,7878,Granada
140,161744,Real Sociedad B
140,7854,Leganes
140,10281,Real Valladolid
140,8385,Cadiz
140,4032,CD Mirandes
140,96925,SD Huesca
140,1753,Cultural Leonesa
140,8394,Real Zaragoza
146,10189,Schalke 04
146,8232,Elversberg
146,8460,Paderborn
146,9904,Hannover 96
146,8262,Darmstadt
146,8350,Kaiserslautern
146,8177,Hertha BSC
146,8165,1. FC Nürnberg
146,9911,Bochum
146,8295,Karlsruher SC
146,8480,Dynamo Dresden
146,8150,Holstein Kiel
146,9912,Arminia Bielefeld
146,8188,Magdeburg
146,9776,Eintracht Braunschweig
146,8357,Greuther Fürth
146,8194,Fortuna Düsseldorf
146,8171,Preussen Münster
196,2182,Lech Poznań
196,8020,Górnik Zabrze
196,1957,Jagiellonia Białystok
196,4024,Raków Częstochowa
196,4023,GKS Katowice
196,8673,Legia Warszawa
196,8021,Zagłębie Lubin
196,8243,Wisła Płock
196,8023,Pogoń Szczecin
196,5769,Radomiak Radom
196,8245,Korona Kielce
196,89466,Motor Lublin
196,2186,Cracovia
196,8024,Widzew Łódź
196,8028,Piast Gliwice
196,8030,Lechia Gdańsk
196,8322,Arka Gdynia
196,177361,Termalica Nieciecza
223,8270,Avispa Fukuoka
223,4692,Cerezo Osaka
223,4399,FC Tokyo
223,164739,Fagiano Okayama FC
223,6582,Gamba Osaka
223,9756,JEF United Chiba
223,4397,Kashima Antlers
223,8699,Kashiwa Reysol
223,6304,Kawasaki Frontale
223,8542,Kyoto Sanga FC
223,194011,Machida Zelvia
223,162195,Mito Hollyhock
223,8006,Nagoya Grampus
223,6224,Sanfrecce Hiroshima
223,4426,Shimizu S-Pulse
223,6223,Tokyo Verdy
223,6244,Urawa Red Diamonds
223,194016,V-Varen Nagasaki
223,4688,Vissel Kobe
223,6581,Yokohama F.Marinos
230,6576,CF America
230,162418,Tijuana
230,6618,Toluca
230,1946,Pumas
230,7849,Monterrey
230,6578,Cruz Azul
230,1943,Queretaro FC
230,1842,Necaxa
230,6577,Atlas
230,1942,Atlante
230,7847,Puebla
230,7807,Chivas
230,7848,Pachuca
230,1841,Leon
230,6358,Atletico de San Luis
230,8561,Tigres
230,7857,Santos Laguna
230,649424,FC Juarez
246,192875,Independiente del Valle
246,4144,Deportivo Cuenca
246,113053,Universidad Catolica
246,6453,Barcelona SC
246,6608,Aucas
246,6721,LDU de Quito
246,1014174,Orense
246,1850,Emelec
246,113054,Tecnico Universitario
246,6609,CSD Macara
246,194754,Guayaquil City
246,304929,Mushuc Runa
246,1370528,Leones del Norte
246,1345405,Libertad
246,519457,Delfin
246,162922,Manta
252,10156,Dinamo Zagreb
252,10154,Hajduk Split
252,10165,NK Varazdin
252,10162,Rijeka
252,175388,NK Lokomotiva
252,6038,NK Istra 1961
252,206560,HNK Gorica
252,1581,Slaven
252,10157,Osijek
252,45228,Vukovar 91
268,10283,Palmeiras
268,9770,Flamengo
268,9863,Fluminense
268,10273,Athletico Paranaense
268,109705,Red Bull Bragantino
268,7877,Bahia
268,9767,Coritiba
268,10277,Sao Paulo
268,10272,Atletico MG
268,9808,Corinthians
268,9781,Cruzeiro
268,8517,Botafogo RJ
268,7733,Vitoria
268,8702,Internacional
268,8514,Santos FC
268,9769,Gremio
268,10276,Vasco da Gama
268,1626,Remo
268,163782,Mirassol
268,197693,Chapecoense AF
274,6368,Atletico Nacional
274,2254,Junior FC
274,4405,Deportivo Pasto
274,10280,America de Cali
274,6024,Once Caldas
274,1894,Tolima
274,7818,Santa Fe
274,47240,Internacional de Bogota
274,6387,Deportivo Cali
274,4403,Millonarios
274,2528,Independiente Medellin
274,193025,Aguilas Doradas
274,4401,Bucaramanga
274,348397,Llaneros FC
274,244167,Fortaleza FC
274,424270,CD Jaguares
274,193029,Alianza FC
274,6255,Chico FC
274,6254,Cucuta
274,4404,Deportivo Pereira
519,80591,Zamalek SC
519,517894,Pyramids FC
519,101745,Al Ahly SC
519,608449,Ceramica Cleopatra
519,101762,Al Masry SC
519,101754,ENPPI
519,205189,Smouha SC
519,205190,Wadi Degla FC
519,585662,ZED FC
519,687954,National Bank
519,178268,El Gouna FC
519,103017,Petrojet
519,101752,Ghazl Al Mahalla
519,101757,Al Mokawloon Al Arab
519,101747,Tala'ea El Gaish
519,797212,Modern Sport FC
519,101766,Al Ittihad Alexandria
519,316480,Kahrbaa Ismailia
519,101767,Haras El Hodoud
519,581345,Pharco FC
519,101746,Ismaily SC
536,101918,Al Nassr FC
536,2529,Al Hilal
536,2530,Al Ahli
536,101919,Al Qadsiah
536,8577,Al Ittihad
536,205686,Al-Taawoun
536,101915,Al-Ettifaq
536,1699505,Neom SC
536,101911,Al Hazem
536,582749,Al-Fayha
536,177356,Al Fateh FC
536,550433,Al Khaleej
536,101916,Al Shabab
536,1523706,Al Kholood
536,582739,Al Riyadh
536,582823,Damac FC
536,582759,Al Akhdoud
536,1523707,Al Najma
537,7866,Orlando Pirates
537,4530,Mamelodi Sundowns FC
537,6279,Kaizer Chiefs
537,102100,AmaZulu FC
537,612014,Sekhukhune United
537,102097,Lamontville Golden Arrows
537,149600,Polokwane City
537,149599,Durban City
537,207873,Stellenbosch FC
537,102099,Siwelele
537,866690,Richards Bay
537,953498,TS Galaxy
537,316438,Chippa United
537,352390,Marumo Gallants
537,429859,Magesi FC
537,915983,Orbit College
9080,92630,FC Seoul
9080,133896,Ulsan HD FC
9080,46038,Jeonbuk Hyundai Motors FC
9080,164734,Gangwon FC
9080,109373,Pohang Steelers
9080,133895,Incheon United
9080,429440,FC Anyang
9080,133898,Jeju SK
9080,429441,Bucheon FC 1995
9080,133900,Daejeon Hana Citizen
9080,133901,Gimcheon Sangmu
9080,245905,Gwangju FC
135,8563,AEK Athens
135,8638,Olympiacos
135,8619,PAOK Thessaloniki
135,10200,Panathinaikos
135,8239,Aris Thessaloniki
135,4493,Levadiakos
135,7753,OFI Crete
135,885256,NFC Volos
135,10187,Atromitos
135,488099,Kifisia FC
135,80654,Asteras Tripolis
135,162386,Panetolikos
135,8120,AE Larissa
135,104814,Panserraikos FC
189,480286,Universitatea Craiova
189,89022,Universitatea Cluj
189,9731,CFR Cluj
189,10271,Dinamo Bucuresti
189,9738,Rapid Bucuresti
189,9732,FC Arges Pitesti
189,584663,UTA Arad
189,9723,FCSB
189,9736,Otelul Galati
189,583690,Csikszereda Miercurea Ciuc
189,188191,Botosani
189,864269,Hermannstadt
189,188187,Petrolul Ploiesti
189,210132,FCV Farul Constanta
189,364411,FC Unirea Slobozia
189,404509,FC Metaloglobus Bucuresti
