tm_competition_id,fotmob_league_id,score,tm_league_name,fotmob_league_name
ALB1,260,100,Kategoria Superiore,Kategoria Superiore
ALG1,516,100,Ligue 1,Algerian Ligue Professionnelle 1
ARG1,112,100,Torneo Apertura ,Liga Profesional
ARGC,112,100,Torneo Clausura,Liga Profesional
ARG2,8965,100,Primera Nacional,Primera B Nacional
ARG3,9213,0,Torneo Federal A,Primera B Metropolitana & Torneo Federal A
URL3,9213,100,Primera B Metropolitana,Primera B Metropolitana & Torneo Federal A
ARM1,118,100,Premier League,Armenian Premier League
AUS1,113,100,A-League Men,A-League
NNL1,8870,36,National League - North,New Zealand Football Championship
NCL1,8870,36,National League - Central,New Zealand Football Championship
NSL1,8870,36,National League - South,New Zealand Football Championship
A1,38,100,Bundesliga,Austrian Bundesliga
A2,119,100,2. Liga,2. Liga
AZ1,262,100,Premyer Liqa,Azerbaijan Premier League
BGD1,10443,100,Bangladesh Football League,Bangladesh Premier League
BE1,40,100,Jupiler Pro League,First Division A
BE2,264,100,Challenger Pro League,First Division B
BO1A,144,100,Division Profesional,FBF Divisi贸n Profesional
BOS1,267,100,Premijer Liga Bosne i Hercegovine,Premier League of Bosnia and Herzegovina
BRA1,268,100,Campeonato Brasileiro Serie A,Campeonato Brasileiro S茅rie A
BRA2,8814,100,Campeonato Brasileiro Serie B,Campeonato Brasileiro S茅rie B
BRA3,8971,100,Campeonato Brasileiro Serie C,Campeonato Brasileiro S茅rie C
BRCB,10290,100,Campeonato Baiano,Baiano
BRCG,10272,100,Campeonato Carioca,Carioca
BRRS,10274,100,Campeonato Gaucho,Ga煤cho
BRGO,10291,100,Campeonato Goiano,Goiano
BRCM,10273,100,Campeonato Mineiro,Mineiro
BCP1,10244,100,Campeonato Paulista,Paulista A1
BCP1,9483,100,Campeonato Paulista,Paulista A2
BRA4,9464,100,Campeonato Brasileiro S茅rie D,Serie D
BU1,270,100,efbet Liga,First Professional League
BU2,9096,100,Vtora Liga,Second Professional League
CDN1,9986,100,Canadian Premier League,Canadian Premier League
CLPD,273,100,Liga de Primera ,Liga de Primera
CL2B,9126,100,Liga de Ascenso ,Liga de Ascenso
CSL,120,100,Chinese Super League,Chinese Super League
CLO,9137,100,China League One,China League One
COLP,274,100,Liga DIMAYOR Apertura,Primera A
CO2T,9125,100,Torneo DIMAYOR I,Primera B
CRPD,121,100,Primera Divisi贸n Apertura,Liga FPD
KR1,252,100,SuperSport HNL,HNL
ZYP1,136,100,Cyprus League,Cypriot First Division
CYP2,9100,100,2. Division,Cypriot Second Division
TS1,122,100,Chance Liga,1. Liga
TS2,253,100,Chance Narodni Liga,FNL
DK1,46,100,Superliga,Superligaen
DK2,85,100,1.Division,1. Division
DK3O,239,100,2.Division,2. Division
DK4L,240,100,3.Division,3. Division
EC1N,246,100,LigaPro Serie A,LigaPro
EGY1,519,100,Egyptian Premier League,Egyptian Premier League
SL1A,335,100,Primera Divisi贸n Apertura,Primera Divisi贸n de F煤tbol de El Salvador
SL1C,335,100,Primera Divisi贸n Clausura,Primera Divisi贸n de F煤tbol de El Salvador
GB1,47,100,Premier League,Premier League
GB2,48,100,Championship,EFL Championship
GB3,108,100,League One,EFL League One
GB4,109,100,League Two,EFL League Two
CNAT,117,100,National League,National League
NLS6,8944,100,National League South,National North & South
NLN6,8944,100,National League North,National North & South
GB21,9084,100,Premier League 2,Premier League 2
GB21,10176,100,Premier League 2,Premier League 2 Div 2
GB18,10068,100,U18 Premier League,Premier League U18
EST1,248,100,Premium Liiga,Regular Season
FARO,250,100,Meistaradeildin,Faroe Islands Premier League
FI1,51,100,Veikkausliiga,Veikkausliiga
FI2,251,100,Ykkosliiga,Ykkosliiga
FIYK,8969,100,Ykkonen,Ykkonen
FR1,53,100,Ligue 1,Ligue 1
FR2,110,100,Ligue 2,Ligue 2
FR3,8970,100,Championnat National,National
GE1N,439,100,Erovnuli Liga,Erovnuli Liga
L1,54,100,Bundesliga,Bundesliga
L2,146,100,2. Bundesliga,2. Bundesliga
L3,208,100,3. Liga,3. Liga
RLN3,512,100,Regionalliga Nord,Regionalliga
RLN4,512,100,Regionalliga Northeast,Regionalliga
RLW3,512,100,Regionalliga West,Regionalliga
RLSW,512,100,Regionalliga S眉dwest,Regionalliga
RLB3,512,100,Regionalliga Bayern,Regionalliga
GHPL,522,100,Ghana Premier League,Ghana Premier League
GR1,135,100,Super League 1,Super League 1
GRS2,8815,100,Super League 2,Super League 2
GU1A,336,100,National League Apertura,Liga Nacional
GU1C,336,100,National League Clausura,Liga Nacional
UNG1,212,100,Nemzeti Bajnoks谩g,Nemzeti Bajnoks谩g I
IS1,215,100,Besta deild,Besta deildin
IS2,216,100,Lengjudeild,1. Deild
ISL3,10226,100,2. deild,2. Deild
IND1,9478,100,Indian Super League,Indian Super League
INIL,8982,100,Indian Football League,Indian Football League
IN1L,8983,100,Super League,Super League
IRN1,523,100,Persian Gulf Pro League,Persian Gulf
IRN2,9372,100,Azadegan League,Azadegan League
IRQ1,524,100,Iraq Stars League,Stars League
IR1,126,100,League of Ireland Premier Division,League of Ireland Premier Division
IR2,218,100,League of Ireland First Division,First Division
IT1,55,100,Serie A,Serie A
IT2,86,100,Serie B,Serie B
IT3A,147,100,Serie C - Girone A,Serie C
IT3B,147,100,Serie C - Girone B,Serie C
IT3C,147,100,Serie C - Girone C,Serie C
JAP1,223,100,J1 League,J. League
JAP2,8974,100,J2 League,J. League 2
JAP3,9136,100,J3 League,J. League 3
KAS1,225,100,Premier Liga,Kazakhstan  Premier League
LET1,226,100,Virsliga,Virsliga
LI1,228,100,Toplyga,Toplyga
LUX1,229,100,BGL Ligue,National Division
MAZ1,249,100,Prva Makedonska Fudbalska Liga,Macedonian First Football League
MYS1,8985,100,Malaysia Super League,Liga Super
MEX2,8976,100,Liga de Expansion MX Clausura,Liga de Expansi贸n MX
MNE1,232,100,Meridianbet 1. CFL,1. CFL
Mar-01,530,100,Botola Pro Inwi,Botola Pro
NL1,57,100,Eredivisie,Eredivisie
NL2,111,100,Keuken Kampioen Divisie,Eerste Divisie
NTD,9195,100,Tweede Divisie,Tweede Divisie
NPFL,533,100,Nigeria Professional Football League,Professional Football League
NIR1,129,100,Premiership,NIFL Premiership
NO1,59,100,Eliteserien,Eliteserien
NO2,203,100,OBOS-ligaen,OBOS-ligaen
NO31,204,100,PostNord-ligaen Avd. 1,PostNord-ligaen
NO32,204,100,PostNord-ligaen Avd. 2,PostNord-ligaen
NO41,205,100,Norsk Tipping-Ligaen avdeling 1,Norsk Tipping-ligaen
NO42,205,100,Norsk Tipping-Ligaen avdeling 2,Norsk Tipping-ligaen
NO43,205,100,Norsk Tipping-Ligaen avdeling 3,Norsk Tipping-ligaen
NO44,205,100,Norsk Tipping-Ligaen avdeling 4,Norsk Tipping-ligaen
NO45,205,100,Norsk Tipping-Ligaen avdeling 5,Norsk Tipping-ligaen
NO46,205,100,Norsk Tipping-Ligaen avdeling 6,Norsk Tipping-ligaen
PN1A,9039,100,Liga Panamena de Futbol Apertura,LPF
PN1C,9039,100,Liga Panamena de Futbol Clausura,LPF
PR1A,199,100,Primera Divisi髇 Apertura,Division Profesional
PR1C,199,100,Primera Divisi髇 Clausura,Division Profesional
TDeA,131,100,Liga 1 Apertura,Liga 1
TDeC,131,100,Liga 1 Clausura,Liga 1
PL1,196,100,PKO BP Ekstraklasa,Ekstraklasa
PL2,197,100,Betclic 1 Liga,I Liga
PL2L,8935,100,Betclic 2 Liga,II Liga
PO1,61,100,Liga Portugal,Liga Portugal
PO2,185,100,Liga Portugal 2 ,Liga Portugal 2
PT3A,9112,100,Liga 3,Liga 3
RO1,189,100,SuperLiga,Liga I
RO2,9113,100,Liga 2,Liga II
RU1,63,100,Premier Liga,Russian Premier League
RU2,338,100,1.Division,1.Division
R3D1,9123,100,2. Division A (Phase 1),Second League
2DVB,9123,100,2. Division A (Phase 2),Second League
SC1,64,100,Scottish Premiership,Premiership
SC2,123,100,Scottish Championship,Championship
SC3,124,100,Scottish League One,League One
SC4,125,100,Scottish League Two,League Two
SC5H,9545,100,Scottish Highland Football League,Highland / Lowland
SC5L,9545,100,Scottish Lowland Football League,Highland / Lowland
SER1,182,100,Super liga Srbije,Super Liga
SIN1,461,100,Singapore Premier League,Singapore Premier League
SL1,173,100,Prva Liga,Prva Liga
SFA1,537,100,Betway Premiership,Premier Soccer League
RSK1,9080,100,K League 1,K League 1
RSK2,9116,100,K League 2,K League 2
ES1,87,100,LaLiga,LaLiga
ES2,140,100,LaLiga2,LaLiga2
E3G1,8968,100,Primera Federacion - Grupo I,Primera Federaci贸n
E3G2,8968,100,Primera Federacion - Grupo II,Primera Federaci贸n
E4G1,9138,100,Segunda Federacion - Grupo I,Segunda Federaci贸n
E4G2,9138,100,Segunda Federacion - Grupo II,Segunda Federaci贸n
E4G3,9138,100,Segunda Federacion - Grupo III,Segunda Federaci贸n
E4G4,9138,100,Segunda Federacion - Grupo IV,Segunda Federaci贸n
E4G5,9138,100,Segunda Federacion - Grupo V,Segunda Federaci贸n
SE1,67,100,Allsvenskan,Allsvenskan
SE2,168,100,Superettan,Superettan
SE3N,169,100,Ettan Norra,Ettan
SE3S,169,100,Ettan S鰀ra,Ettan
C1,69,100,Super League,Swiss Super League
C2,163,100,Challenge League,Challenge League
THA1,8984,100,Thai League,Thai League
THA2,9498,100,Thai League 2,Thai League 2
TUN1,544,100,Ligue 1,Ligue I
TR1,71,100,Super Lig,S眉per Lig
TR2,165,100,1.Lig,1. Lig
UKR1,441,100,Premier Liga,Ukrainian Premier League
UAE1,538,100,UAE Pro League,Pro League
MLS1,130,100,Major League Soccer,MLS
USL,8972,100,USL Championship,USL Championship
USC3,9296,100,USL League One,USL League One
MNP3,10282,100,MLS Next Pro,MLS Next Pro
URU1,161,100,Liga AUF Apertura,Liga AUF Uruguaya
URUI,161,100,Liga AUF Intermedio,Liga AUF Uruguaya
URU2,9122,100,Segunda Division - Fase Regular,Segunda Division
UR2T,9122,100,Segunda Divisi髇 - Torneo Competencia,Segunda Division
VZ1A,339,100,Liga FUTVE Apertura,Primera Division
VIE1,9088,100,V.League 1,V-League
WAL1,116,100,Cymru Premier,Cymru Premier
